﻿"Length:    2 – 3 feet                      Range Modifiers:      1' – 10':   -15
Weight:    2 – 3.5 pounds                                               11' – 25':   -30
Fumble Range:    01 – 04 UM                                                   26' – 50':   -45";;;;;;;;;;;;;;"ALT -10
Handaxe
One-HandedEdged";;;;;;;;
;20;19;18;17;16;15;14;13;12;11;10;9;8;;7;6;5;4;3;2;1;
150;11EK;13EK;15EK;17EK;18EK;18EK;21EK;21EK;18EK;20EK;24EK;24EK;18ES;;18ES;23ES;26ES;20ES;23ES;26ES;28ES;150
149;11EK;13EK;15EK;17EK;18EK;18EK;21EK;21EK;18ES;20ES;24ES;24ES;18ES;;18ES;23ES;26ES;20ES;23ES;26ES;28ES;149
148;11EK;13EK;15EK;17EK;18EK;18EK;21EK;21EK;18EK;20EK;24EK;24EK;18ES;;18ES;23ES;26ES;20ES;23ES;26ES;28ES;148
147;11EK;13EK;15EK;17EK;18EK;18EK;21EK;21EK;18ES;20ES;24ES;24ES;18ES;;18ES;23ES;26ES;20ES;23ES;26ES;28ES;147
146;11DK;13DK;15EK;17EK;18EK;18EK;21EK;21EK;18EK;20EK;23EK;23EK;18ES;;18ES;23ES;25ES;20ES;22ES;26ES;27ES;146
145;11DK;13DK;15EK;17EK;18EK;18EK;20EK;20EK;18ES;19ES;23ES;23ES;18ES;;18ES;22ES;25ES;19ES;22ES;25ES;27ES;145
144;11DK;13DK;15DK;17EK;18EK;18EK;20EK;20EK;17EK;19EK;23EK;23EK;18ES;;18ES;22ES;25ES;19ES;22ES;25ES;27ES;144
143;11DK;13DK;15DK;16EK;17EK;17EK;20EK;20EK;17ES;19ES;23ES;23ES;17ES;;17ES;22ES;25ES;19ES;22ES;25ES;26ES;143
142;11CK;13CK;14DK;16EK;17DK;17DK;20DK;20EK;17EK;19EK;22EK;22EK;17ES;;17ES;22ES;24ES;19ES;21ES;25ES;26ES;142
141;11CK;13CK;14DK;16EK;17DK;17DK;20DK;20EK;17ES;18ES;22ES;22ES;17ES;;17ES;22ES;24ES;18ES;21ES;24ES;26ES;141
140;11CK;12CK;14DK;16DK;17DS;17DK;19DK;19EK;17DK;18EK;22EK;22EK;17DS;;17ES;21ES;24ES;18EK;21ES;24ES;26ES;140
139;11CK;12CK;14DK;16DK;17DK;17DS;19DK;19EK;17DS;18ES;22ES;21ES;17DS;;17ES;21ES;24ES;18ES;21EK;24ES;25ES;139
138;10CK;12CK;14DK;16DK;17DS;17DK;19DS;19DK;16DK;18EK;21EK;21EK;17DK;;17ES;21ES;23ES;18EK;20ES;24ES;25EK;138
137;10CS;12CK;14CK;15DK;16DK;16DS;19DK;19DK;16DS;18DS;21DS;21ES;17DS;;16DK;21ES;23ES;17ES;20EK;23ES;25ES;137
136;10CK;12CK;14CK;15DK;16DS;16DK;19DS;19DS;16DK;17DK;21DK;21EK;16DK;;16DS;20EK;23ES;17DK;20ES;23EK;24EK;136
135;10BS;12BK;13CK;15DK;16DK;16DS;18DK;18DK;16DS;17DS;21DS;20ES;16DS;;16DK;20DS;22EK;17DS;20EK;23ES;24ES;135
134;10BK;12BS;13CK;15DK;16DS;16DK;18DS;18DS;16DK;17DK;20DK;20EK;16DK;;16DS;20DK;22ES;17DK;19ES;23EK;24EK;134
133;10BS;12BK;13CK;15DK;16DK;16DS;18DK;18DK;15DS;17DS;20DS;20DS;16DS;;16DK;20DS;22EK;16DS;19DK;23ES;23ES;133
132;10BK;12BS;13CK;15DK;16CS;16DK;18DS;18DS;15DK;16DK;20DK;20DK;16DK;;16DS;20DK;22DS;16DK;19DS;22EK;23EK;132
131;10BS;11BK;13CK;14DK;15CK;15CS;18CK;17DK;15DS;16DS;20DS;19DS;16DS;;16DK;19DS;21DK;16DS;19DK;22ES;23ES;131
130;10BK;11BS;13CS;14DK;15CS;15CK;17CS;17DS;15CK;16DK;19DK;19DK;16CK;;15DK;19DK;21DS;16DK;18DK;22EK;23EK;130
129;10AS;11BK;13CK;14CK;15CK;15CS;17CK;17DK;15CS;16DS;19DS;19DS;15CK;;15DK;19DS;21DS;16DS;18DK;22ES;22ES;129
128;10AK;11AS;12BS;14CK;15CS;15CK;17CS;17DS;15CK;16DK;19DK;18DK;15CK;;15DS;19DK;21DS;15DK;18DS;21EK;22EK;128
127;10AS;11AK;12BK;14CK;15CK;15CS;17CK;17DK;14CS;15DS;19DS;18DS;15CS;;15DK;18DS;20DK;15DS;18DK;21ES;22ES;127
126;9AK;11AS;12BS;14CS;15CS;15CK;17CS;16DS;14CK;15DK;18DK;18DK;15CK;;15DS;18DK;20DS;15DK;17DS;21EK;21DK;126
125;9AS;11AK;12BK;13CK;15CK;14CS;16CK;16DK;14CS;15DS;18DS;18DS;15CS;;15DK;18DS;20DK;15DS;17DK;21ES;21DS;125
124;9AK;11AS;12BS;13CS;14CS;14CK;16CS;16CS;14CK;15CK;18DK;17DK;15CK;;14DS;18DK;20DS;14CK;17DS;20DK;21DK;124
123;9AS;11AK;12BK;13CK;14CK;14CS;16CK;16CK;14CS;14CS;18DS;17DS;14CS;;14DK;18DS;19DK;14CS;17DK;20DS;21DS;123
122;9AK;10AS;12BS;13CS;14BS;14CK;16CS;16CS;13CK;14CK;17CK;17DK;14CK;;14DS;17DK;19DS;14CK;16DS;20DK;20DK;122
121;9AS;10AK;12BK;13CK;14BK;14CS;16CK;15CK;13CS;14CS;17CS;17DS;14CS;;14CK;17DS;19DK;14CS;16DK;20DS;20DS;121
120;9AK;10AS;11BS;13CS;14BS;14BK;15CS;15CS;13CK;14CK;17CK;16DK;14CK;;14CS;17DK;18DS;13CK;16DS;19DK;20DK;120
119;9;10AK;11AK;12CK;14BK;13BS;15CK;15CK;13CS;13CS;16CS;16DS;14CS;;14CK;17CS;18DK;13CS;16CK;19DS;19DS;119
118;9;10AS;11AS;12BS;13BS;13BK;15CS;15CS;13CK;13CK;16CK;16DK;14CK;;13CS;16CK;18DS;13CK;15CS;19DK;19DK;118
117;9;10AK;11AK;12BK;13BK;13BS;15CK;14CK;13CS;13CS;16CS;15DS;14CS;;13CK;16CS;18DK;13CS;15CK;19DS;19DS;117
116;9;10AS;11AS;12BS;13BS;13BK;15BS;14CS;12CK;13CK;16CK;15DK;13CK;;13CS;16CK;17DS;12CK;15CS;19DK;18DK;116
115;9;10AK;11AK;12BK;13BK;13BS;14BK;14CK;12BS;13CS;15CS;15CS;13BS;;13CK;16CS;17DK;12CS;15CK;18DS;18DS;115
114;8;10;11AS;12BS;13AS;13BK;14BS;14CS;12BK;12CK;15CK;15CK;13BK;;13CS;16CK;17DS;12CK;14CS;18DK;18DK;114
113;8;9;10AK;11BK;13AK;12BS;14BK;14CK;12BS;12CS;15CS;14CS;13BS;;13CK;15CS;17CK;12BS;14CK;18DS;18DS;113
112;8;9;10AS;11BS;12AS;12BK;14BS;13CS;12BK;12CK;15CK;14CK;13BK;;13CS;15CK;16CS;11BK;14CS;18DK;17DK;112
111;8;9;10AK;11BK;12AK;12BS;14BK;13CK;11BS;12CS;14CS;14CS;13BS;;12CK;15CS;16CK;11BS;14CK;17DS;17DS;111
110;8;9;10AS;11BS;12AS;12AK;13BS;13BS;11BK;11CK;14CK;14CK;13BK;;12CS;15CK;16CK;11BK;13CS;17DK;17CK;110
109;8;9;10AK;11BK;12AK;12AS;13BK;13BK;11BS;11BS;14CS;13CS;12BS;;12CK;14CS;16CK;11BS;13BK;17DS;16CS;109
108;8;9;10AS;11AS;12AS;12AK;13BS;13BS;11BK;11BK;14CK;13CK;12BK;;12CS;14CK;15CS;11BK;13BS;17DK;16CK;108
107;8;9;10AK;10AK;12AK;11AS;13BK;12BK;11BS;11BS;13CS;13CS;12BS;;12CK;14CS;15CK;10AS;13BK;16CS;16CS;107
106;8;9;9AS;10AS;12AS;11AK;13AS;12BS;11BK;11BK;13CK;12CK;12BK;;12CS;14CK;15CS;10AK;12BS;16CK;15CK;106
105;8;9;9AK;10AK;11AK;11AS;12AK;12BK;10BS;10BS;13CS;12CS;12BS;;11BK;14BS;14CK;10AS;12BK;16CS;15CS;105
104;8;8;9;10AS;11;11AK;12AS;12BS;10BK;10BK;13BK;12CK;12BK;;11BS;13BK;14CS;10AK;12BS;16CK;15CK;104
103;7;8;9;10AK;11;11AS;12AK;12BK;10BS;10BS;12BS;12CS;12BS;;11BK;13BS;14CK;9AS;12BK;15CS;15CS;103
102;7;8;9;10AS;11;11AK;12AS;11BS;10AK;10BK;12BK;11CK;11BK;;11BS;13BK;14BS;9AK;11BS;15CK;14BK;102
101;7;8;9;9AK;11;10AS;12AK;11BK;10AS;9BS;12BS;11CS;11AS;;11BK;13BS;13BK;9AS;11AK;15CS;14BS;101
100;7;8;9;9AS;11;10AK;11AS;11BS;9AK;9BK;12BK;11CK;11AK;;11BS;13BK;13BS;9AK;11AS;15CK;14BK;100
99;7;8;8;9AK;10;10;11AK;11BK;9AS;9BS;11BS;11CS;11AS;;11BK;12BS;13BK;8;11AK;15CS;13BS;99
98;7;8;8;9AS;10;10;11AS;10AS;9AK;9BK;11BK;10CK;11AK;;10BS;12BK;13BS;8;10AS;14CK;13BK;98
97;7;8;8;9AK;10;10;11AK;10AK;9AS;9BS;11BS;10CS;11AS;;10BK;12BS;12BK;8;10AK;14CS;13BS;97
96;7;8;8;9AS;10;10;11AS;10AS;9AK;8AK;11BK;10BK;10AK;;10BS;12BK;12BS;8;10AS;14CK;13AK;96
95;7;7;8;9AK;10;9;10AK;10AK;9AS;8AS;10BS;9BS;10AS;;10BK;11BS;12BK;7;10AK;14BS;12AS;95
94;7;7;8;8;10;9;10;10AS;8AK;8AK;10BK;9BK;10AK;;10BS;11BK;12BS;7;9;13BK;12AK;94
93;7;7;8;8;9;9;10;9AK;8AS;8AS;10BS;9BS;10AS;;10BK;11BS;11BK;7;9;13BS;12AS;93
92;7;7;8;8;9;9;10;9AS;8AK;7AK;10BK;9BK;10AK;;9AS;11BK;11BS;7;9;13BK;11AK;92
91;6;7;7;8;9;9;10;9AK;8;7AS;9AS;8BS;10AS;;9AK;11BS;11BK;7;9;13BS;11AS;91
90;6;7;7;8;9;9;9;9AS;8;7AK;9AK;8BK;10AK;;9AS;10AK;10BS;6;8;12BK;11AK;90
89;6;7;7;8;9;8;9;9AK;7;7AS;9AS;8BS;9;;9AK;10AS;10BK;6;8;12BS;10;89
88;6;7;7;7;9;8;9;8AS;7;6AK;8AK;8BK;9;;9AS;10AK;10BS;6;8;12BK;10;88
87;6;7;7;7;9;8;9;8AK;7;6AS;8AS;7BS;9;;9AK;10AS;10AK;6;8;12BS;10;87
86;6;7;7;7;8;8;9;8AS;7;6;8AK;7BK;9;;8AS;9AK;9AS;5;7;11AK;10;86
85;6;6;7;7;8;8;8;8AK;7;6;8AS;7BS;9;;8AK;9AS;9AK;5;7;11AS;9;85
84;6;6;6;7;8;8;8;7;7;6;7AK;6BK;9;;8;9AK;9AS;5;7;11AK;9;84
83;6;6;6;7;8;7;8;7;6;5;7AS;6BS;9;;8;9AS;9AK;5;7;11AS;9;83
82;6;6;6;6;8;7;8;7;6;5;7AK;6BK;8;;8;9AK;8AS;4;6;11AK;8;82
81;6;6;6;6;8;7;8;7;6;5;7;6AS;8;;8;8AS;8AK;4;6;10AS;8;81
80;6;6;6;6;7;7;7;7;6;5;6;5AK;8;;8;8AK;8AS;4;6;10AK;8;80
79;5;6;6;6;7;7;7;6;6;4;6;5AS;8;;7;8;8AK;4;0;10;0;79
78;5;6;6;6;7;7;7;6;5;4;6;5AK;8;;7;8;7AS;3;0;10;0;78
77;5;6;5;6;7;6;7;6;5;4;6;5AS;8;;7;7;7AK;3;0;9;0;77
76;5;5;5;5;7;6;7;6;5;4;5;4AK;8;;7;7;7AS;3;0;9;0;76
75;5;5;5;5;7;6;6;6;5;4;5;4AS;7;;7;7;6AK;3;0;9;0;75
74;5;5;5;5;6;6;6;5;5;3;5;4AK;7;;7;7;6;0;0;9;0;74
73;5;5;5;5;6;6;6;5;5;3;5;3AS;7;;6;7;6;0;0;8;0;73
72;5;5;5;5;6;6;6;5;4;3;4;3AK;7;;6;6;6;0;0;8;0;72
71;5;5;5;5;6;5;6;5;4;3;4;3;7;;6;6;5;0;0;8;0;71
70;5;5;4;4;6;5;5;5;4;2;4;3;7;;6;6;5;0;0;8;0;"70
69
68
67
65-66
61-64
56-60
51-55
47-50
42-46"
69;5;5;4;4;6;5;5;4;4;2;4;2;6;;6;6;5;0;0;0;0;
68;5;5;4;4;6;5;5;4;4;2;3;2;6;;6;5;5;0;0;0;0;
67;4;4;4;4;5;5;5;4;3;2;3;2;6;;6;5;4;0;0;0;0;
65-66;4;4;4;4;5;4;4;3;3;0;3;0;6;;5;5;4;0;0;0;0;
61-64;4;4;3;3;4;4;4;3;2;0;2;0;5;;5;4;0;0;0;0;0;
56-60;4;4;3;2;4;3;3;2;2;0;0;0;5;;4;0;0;0;0;0;0;
51-55;3;3;2;2;3;2;2;1;0;0;0;0;4;;0;0;0;0;0;0;0;
47-50;3;2;2;1;3;2;1;0;0;0;0;0;0;;0;0;0;0;0;0;0;
42-46;2;2;1;0;2;1;0;0;0;0;0;0;0;;0;0;0;0;0;0;0;
"32-41
22-31
05-21";"2
1
0";"2
0
0";"0
0
0";"0
0
0";"1
0
0";"0
0
0";"0
0
0";"0
0
0";"0
0
0";"0
0
0";"0
0
0";"0
0
0";"0
0
0";;"0
0
0";"0
0
0";"0
0
0";"0
0
0";"0
0
0";"0
0
0";"0
0
0";"32-41
22-31
05-21"
