﻿"Length:    2 – 4 feet                      Range Modifiers:      1' – 10':  +15
Weight:    4 – 8 pounds                                                11' – 100':    +0
Fumble Range:    01 – 05 UM                                               101' – 200':   -35
301' – 360':   -75";;;;;;;;;;;;;;"ALT-14
LightCrossbow
Missile";;;;;;;;
;20;19;18;17;16;15;14;13;12;11;10;9;8;;7;6;5;4;3;2;1;
150;10EP;12EP;14EP;16EP;21EP;21EP;24EP;24EP;19EP;21EP;25EP;25EP;20EP;;20EP;25EP;28EP;18EP;21EP;24EP;26EP;150
149;10DP;12EP;14EP;16EP;21EP;21EP;24EP;24EP;19EP;21EP;25EP;25EP;20EP;;20EP;25EP;28EP;18EP;21EP;24EP;26EP;149
148;10DP;12DP;14EP;16EP;21EP;21EP;24EP;24EP;19EP;21EP;25EP;25EP;20EP;;20EP;25EP;28EP;18EP;21EP;24EP;26EP;148
147;10CP;12DP;14EP;16EP;21EP;21EP;24EP;24EP;19EP;21EP;24EP;24EP;20EP;;20EP;25EP;28EP;18EP;21EP;24EP;26EP;147
146;10CP;12DP;14DP;16EP;21EP;21EP;23EP;23EP;19EP;20EP;24EP;24EP;20EP;;20EP;24EP;27EP;17EP;20EP;24EP;25EP;146
145;10CP;12CP;14DP;15EP;20EP;20EP;23EP;23EP;18EP;20EP;24EP;24EP;20EP;;19EP;24EP;27EP;17EP;20EP;23EP;25EP;145
144;10CP;12CP;13DP;15EP;20EP;20EP;23EP;23EP;18EP;20EP;23EP;23EP;19EP;;19EP;24EP;27EP;17EP;20EP;23EP;25EP;144
143;10BP;12CP;13DP;15DP;20DP;20DP;22DP;22EP;18DP;19EP;23EP;23EP;19EP;;19EP;23EP;26EP;17EP;19EP;23EP;24EP;143
142;10BP;11CP;13DP;15DP;20DP;20DP;22DP;22EP;18DP;19EP;23EP;23EP;19EP;;19EP;23EP;26EP;16EP;19EP;23EP;24EP;142
141;10BP;11CP;13CP;15DP;19DP;19DP;22DP;22EP;17DP;19EP;22EP;22EP;19EP;;19EP;23EP;26EP;16EP;19EP;22EP;24EP;141
140;10BP;11BP;13CP;14DP;19DP;19DP;22DP;21EP;17DP;18DP;22DP;22EP;19EP;;18EP;23EP;25EP;16EP;19EP;22EP;23EP;140
139;9BP;11BP;13CP;14DP;19DP;19DP;21DP;21DP;17DP;18DP;22DP;22EP;18DP;;18EP;22EP;25EP;16EP;18EP;22EP;23EP;139
138;9BP;11BP;12CP;14DP;19DP;19DP;21DP;21DP;17DP;18DP;21DP;21EP;18DP;;18EP;22EP;25EP;15EP;18EP;22EP;23EP;138
137;9AP;11BP;12CP;14DP;18DP;18DP;21DP;20DP;16DP;18DP;21DP;21DP;18DP;;18DP;22EP;24EP;15EP;18EP;21EP;22EP;137
136;9AP;11BP;12CP;14DP;18DP;18DP;20DP;20DP;16DP;17DP;21DP;21DP;18DP;;18DP;21EP;24EP;15DP;17EP;21EP;22EP;136
135;9AP;11BP;12CP;13DP;18DP;18DP;20DP;20DP;16CP;17DP;20DP;20DP;18DP;;17DP;21DP;24EP;15DP;17EP;21EP;22EP;135
134;9AP;10BP;12BP;13DP;18CP;18DP;20DP;19DP;16CP;17DP;20DP;20DP;17DP;;17DP;21DP;23EP;14DP;17EP;21EP;21EP;134
133;9AP;10BP;12BP;13CP;18CP;17CP;19CP;19DP;15CP;16DP;20DP;20DP;17DP;;17DP;21DP;23DP;14DP;17DP;20EP;21EP;133
132;9AP;10AP;11BP;13CP;17CP;17CP;19CP;19DP;15CP;16DP;19DP;19DP;17DP;;17DP;20DP;23DP;14DP;16DP;20EP;21EP;132
131;9AP;10AP;11BP;13CP;17CP;17CP;19CP;18DP;15CP;16DP;19DP;19DP;17DP;;17DP;20DP;22DP;14DP;16DP;20EP;20EP;131
130;9AP;10AP;11BP;12CP;17CP;17CP;19CP;18DP;15CP;15DP;19DP;19DP;17DP;;16DP;20DP;22DP;13DP;16DP;20EP;20EP;130
129;8AP;10AP;11BP;12CP;17CP;16CP;18CP;18DP;15CP;15DP;18DP;18DP;16DP;;16DP;19DP;22DP;13DP;15DP;19EP;20EP;129
128;8AP;10AP;11BP;12CP;16CP;16CP;18CP;18DP;14CP;15CP;18DP;18DP;16CP;;16DP;19DP;21DP;13DP;15DP;19EP;20EP;128
127;8AP;10AP;11BP;12CP;16CP;16CP;18CP;17DP;14CP;15CP;18DP;18DP;16CP;;16DP;19DP;21DP;12DP;15DP;19EP;19DP;127
126;8AP;9AP;10BP;12CP;16CP;16CP;17CP;17DP;14CP;14CP;17CP;17DP;16CP;;15DP;19DP;21DP;12DP;15DP;19DP;19DP;126
125;8AK;9AP;10BP;11BP;16BP;15CP;17CP;17CP;14CP;14CP;17CP;17DP;16CP;;15DP;18DP;20DP;12DP;14DP;18DP;19DP;125
124;8;9AP;10AP;11BP;15BP;15CP;17CP;16CP;13CP;14CP;17CP;17DP;15CP;;15DP;18DP;20DP;12CP;14DP;18DP;18DP;124
123;8;9AP;10AP;11BP;15BP;15BP;16CP;16CP;13CP;13CP;16CP;16DP;15CP;;15DP;18DP;20DP;11CP;14DP;18DP;18DP;123
122;8;9AP;10AP;11BP;15BP;15BP;16CP;16CP;13CP;13CP;16CP;16DP;15CP;;15DP;17DP;19DP;11CP;13DP;18DP;18DP;122
121;8;9AP;10AP;11BP;15BP;14BP;16CP;15CP;13BP;13CP;16CP;16CP;15CP;;14DP;17DP;19DP;11CP;13DP;17DP;17DP;121
120;8;9AK;9AP;10BP;15BP;14BP;16CP;15CP;12BP;12CP;15CP;15CP;15CP;;14CP;17DP;19DP;11CP;13CP;17DP;17DP;120
119;7;8;9AP;10BP;14BP;14BP;15CP;15CP;12BP;12CP;15CP;15CP;14CP;;14CP;17CP;18DP;10CP;13CP;17DP;17DP;119
118;7;8;9AP;10BP;14BP;14BP;15BP;14CP;12BP;12CP;15CP;15CP;14CP;;14CP;16CP;18DP;10CP;12CP;17DP;16DP;118
117;7;8;9AP;10BP;14AP;13BP;15BP;14CP;12BP;11CP;14CP;14CP;14CP;;14CP;16CP;18DP;10CP;12CP;16DP;16DP;117
116;7;8;9AP;10BP;14AP;13BP;14BP;14CP;11BP;11CP;14CP;14CP;14CP;;13CP;16CP;17DP;10CP;12CP;16DP;16DP;116
115;7;8;9AP;9AP;13AP;13BP;14BP;13CP;11BP;11CP;14CP;14CP;14CP;;13CP;15CP;17CP;9CP;11CP;16DP;15DP;115
114;7;8;8AP;9AP;13AP;13BP;14BP;13CP;11BP;11BP;13CP;13CP;13CP;;13CP;15CP;17CP;9CP;11CP;16DP;15DP;114
113;7;8;8AP;9AP;13AP;12AP;14BP;13CP;11BP;10BP;13CP;13CP;13CP;;13CP;15CP;16CP;9BP;11CP;16DP;15DP;113
112;7;8;8AP;9AP;13AP;12AP;13BP;12CP;10BP;10BP;13CP;13CP;13BP;;13CP;14CP;16CP;9BP;11CP;15DP;14CP;112
111;7;7;8AP;8AP;12AP;12AP;13BP;12BP;10BP;10BP;12CP;12CP;13BP;;12CP;14CP;16CP;8BP;10BP;15DP;14CP;111
110;7;7;8AK;8AP;12AP;12AP;13BP;12BP;10BP;9BP;12CP;12CP;13BP;;12CP;14CP;16CP;8BP;10BP;15CP;14CP;110
109;7;7;8;8AP;12AP;11AP;12BP;12BP;10BP;9BP;12BP;12CP;12BP;;12CP;14CP;15CP;8BP;10BP;15CP;14CP;109
108;6;7;7;8AP;12AP;11AP;12AP;11BP;10BP;9BP;11BP;11CP;12BP;;12CP;13CP;15CP;7BP;9BP;14CP;13CP;108
107;6;7;7;8AP;12AP;11AP;12AP;11BP;9AP;8BP;11BP;11CP;12BP;;11CP;13CP;15CP;7BP;9BP;14CP;13CP;107
106;6;7;7;7AP;11AP;11AP;11AP;11BP;9AP;8BP;11BP;11CP;12BP;;11CP;13CP;14CP;7AP;9BP;14CP;13CP;106
105;6;7;7;7AP;11AK;11AP;11AP;10BP;9AP;8BP;10BP;10CP;12BP;;11CP;12CP;14CP;7AP;9BP;14CP;12CP;105
104;6;7;7;7AP;11;10AP;11AP;10BP;9AP;8BP;10BP;10BP;11BP;;11CP;12BP;14BP;6AP;8BP;13CP;12BP;104
103;6;6;7;7AP;11;10AP;11AP;10BP;8AP;7BP;10BP;10BP;11BP;;11CP;12BP;13BP;6AP;8AP;13CP;12BP;103
102;6;6;6;7AP;10;10AP;10AP;9BP;8AP;7BP;9BP;9BP;11BP;;10BP;12BP;13BP;6AP;8AP;13CP;11BP;102
101;6;6;6;6AP;10;10AP;10AP;9BP;8AP;7BP;9BP;9BP;11BP;;10BP;11BP;13BP;6AP;7AP;13CP;11BP;101
100;6;6;6;6AK;10;9AK;10AP;9BP;8AP;6AP;9BP;9BP;11BP;;10BP;11BP;12BP;5AK;7AP;12CP;11BP;100
99;6;6;6;6;10;9;9AP;8AP;7AP;6AP;8BP;8BP;10BP;;10BP;11BP;12BP;5;7AP;12BP;10BP;99
98;5;6;6;6;9;9;9AP;8AP;7AP;6AP;8BP;8BP;10BP;;10BP;10BP;12BP;5;7AP;12BP;10BP;98
97;5;6;6;6;9;9;9AP;8AP;7AP;5AP;8BP;8BP;10AP;;9BP;10BP;11BP;5;6AP;12BP;10AP;97
96;5;6;5;5;9;8;8AP;7AP;7AP;5AP;7BP;7BP;10AP;;9BP;10BP;11BP;4;6AP;11BP;9AP;96
95;5;5;5;5;9;8;8AK;7AP;6AK;5AP;7AP;7BP;10AP;;9BP;10BP;11BP;4;6AK;11BP;9AP;95
94;5;5;5;5;9;8;8;7AP;6;5AP;7AP;7BP;9AP;;9BP;9BP;10BP;4;0;11BP;9AP;94
93;5;5;5;5;8;8;8;6AP;6;4AP;6AP;6BP;9AP;;9BP;9BP;10BP;4;0;11BP;8AP;93
92;5;5;5;5;8;7;7;6AP;6;4AP;6AP;6BP;9AP;;8BP;9BP;10BP;3;0;10BP;8AK;92
91;5;5;5;4;8;7;7;6AP;6;4AP;6AP;6BP;9AP;;8BP;8BP;9BP;3;0;10BP;8;91
90;5;5;4;4;8;7;7;6AP;5;3AK;5AP;5BP;9AP;;8BP;8BP;9BP;3;0;10AP;0;90
89;5;5;4;4;7;7;6;5AP;5;3;5AP;5AP;8AP;;8BP;8BP;9BP;0;0;10AP;0;89
88;4;4;4;4;7;6;6;5AP;5;3;5AP;5AP;8AP;;7AP;8AP;8AP;0;0;9AP;0;88
87;4;4;4;4;7;6;6;5AP;5;2;4AP;4AP;8AP;;7AP;7AP;8AP;0;0;9AP;0;87
86;4;4;4;3;7;6;6;4AP;4;2;4AP;4AP;8AP;;7AP;7AP;8AP;0;0;9AP;0;86
85;4;4;4;3;6;6;5;4AK;4;2;4AK;4AP;8AK;;7AP;7AP;7AP;0;0;9AP;0;85
84;4;4;3;3;6;5;5;4;4;0;3;3AP;7;;7AP;6AP;7AP;0;0;8AP;0;84
83;4;4;3;3;6;5;5;3;4;0;3;3AP;7;;6AP;6AP;7AP;0;0;8AP;0;83
82;4;4;3;3;6;5;4;3;3;0;3;3AP;7;;6AP;6AP;6AP;0;0;8AK;0;82
81;4;4;3;2;6;5;4;3;3;0;2;2AP;7;;6AP;6AP;6AP;0;0;8;0;81
80;4;3;3;2;5;4;4;2;3;0;2;2AK;7;;6AK;5AP;6AP;0;0;0;0;80
79;4;3;3;2;5;4;3;2;3;0;0;2;6;;6;5AP;5AP;0;0;0;0;79
78;4;3;2;2;5;4;3;2;2;0;0;0;6;;5;5AP;5AP;0;0;0;0;78
77;3;3;2;2;5;4;3;1;2;0;0;0;6;;5;4AP;5AP;0;0;0;0;77
76;3;3;2;1;4;3;3;1;2;0;0;0;6;;5;4AP;4AP;0;0;0;0;76
75;3;3;2;1;4;3;2;1;2;0;0;0;6;;5;4AK;4AK;0;0;0;0;75
74;3;3;2;1;4;3;2;0;0;0;0;0;5;;5;0;4;0;0;0;0;74
73;3;3;2;1;4;3;2;0;0;0;0;0;5;;4;0;0;0;0;0;0;73
72;3;2;1;0;3;2;1;0;0;0;0;0;5;;4;0;0;0;0;0;0;72
71;3;2;1;0;3;2;1;0;0;0;0;0;5;;4;0;0;0;0;0;0;71
70;3;2;1;0;3;2;1;0;0;0;0;0;5;;4;0;0;0;0;0;0;70
69;3;2;1;0;3;2;0;0;0;0;0;0;4;;0;0;0;0;0;0;0;69
68;3;2;1;0;3;1;0;0;0;0;0;0;4;;0;0;0;0;0;0;0;68
67;2;2;0;0;2;1;0;0;0;0;0;0;4;;0;0;0;0;0;0;0;67
66;2;2;0;0;2;1;0;0;0;0;0;0;4;;0;0;0;0;0;0;0;66
65;2;2;0;0;2;1;0;0;0;0;0;0;4;;0;0;0;0;0;0;0;65
64;2;1;0;0;2;0;0;0;0;0;0;0;0;;0;0;0;0;0;0;0;64
63;2;1;0;0;1;0;0;0;0;0;0;0;0;;0;0;0;0;0;0;0;63
62;2;1;0;0;1;0;0;0;0;0;0;0;0;;0;0;0;0;0;0;0;62
60-61;2;1;0;0;1;0;0;0;0;0;0;0;0;;0;0;0;0;0;0;0;60-61
58-59;2;1;0;0;0;0;0;0;0;0;0;0;0;;0;0;0;0;0;0;0;58-59
48-57;1;0;0;0;0;0;0;0;0;0;0;0;0;;0;0;0;0;0;0;0;48-57
06-57;0;0;0;0;0;0;0;0;0;0;0;0;0;;0;0;0;0;0;0;0;06-57
