﻿"Length:    1.5 – 2 feet                   Range Modifiers:      1' – 10':   -35
Weight:    2 – 3 pounds
Fumble Range:    01 – 02 UM";;;;;;;;;;;;;;"ALT-16
Mace
One-HandedConcussion";;;;;;;;
;20;19;18;17;16;15;14;13;12;11;10;9;8;;7;6;5;4;3;2;1;
150;12EK;14EK;16EK;18EK;19EK;19EK;22EK;22EK;14EK;16EK;20EK;20EK;15EK;;15EK;20EK;23EK;15EK;18EK;21EK;23EK;150
149;12EK;14EK;16EK;18EK;19EK;19EK;22EK;22EK;14EK;16EK;20EK;20EK;15EK;;15EK;20EK;23EK;15EK;18EK;21EK;23EK;149
148;12EK;14EK;16EK;18EK;19EK;19EK;22EK;22EK;14EK;16EK;20EK;20EK;15EK;;15EK;20EK;23EK;15EK;18EK;21EK;23EK;148
147;12EK;14EK;16EK;18EK;19EK;19EK;22EK;22EK;14EK;16EK;20EK;20EK;15EK;;15EK;20EK;23EK;15EK;18EK;21EK;23EK;147
146;12EK;14EK;16EK;18EK;19EK;19EK;22EK;22EK;14EK;16EK;20EK;20EK;15EK;;15EK;20EK;23EK;15EK;18EK;21EK;22EK;146
145;12DK;14DK;16EK;18EK;19EK;19EK;21EK;21EK;14EK;16EK;19EK;19EK;15EK;;15EK;20EK;22EK;15EK;17EK;21EK;22EK;145
144;12DK;14DK;16EK;17EK;19EK;18EK;21EK;21EK;14EK;15EK;19EK;19EK;15EK;;15EK;19EK;22EK;14EK;17EK;20EK;22EK;144
143;12DK;14DK;15DK;17EK;18EK;18EK;21EK;21EK;13DK;15EK;19EK;19EK;15EK;;15EK;19EK;22EK;14EK;17EK;20EK;22EK;143
142;12DK;14DK;15DK;17EK;18EK;18EK;21EK;21EK;13DK;15EK;19EK;19EK;14DK;;14EK;19EK;22EK;14EK;17EK;20EK;21EK;142
141;12DK;13DK;15DK;17EK;18DK;18DK;21DK;21EK;13DK;15DK;19DK;18EK;14DK;;14EK;19EK;21EK;14EK;17EK;20EK;21EK;141
140;12CK;13CK;15DK;17EK;18DK;18DK;20DK;20EK;13DK;15DK;18DK;18EK;14DK;;14DK;19EK;21EK;14EK;16EK;20EK;21EK;140
139;11CK;13CK;15DK;17DK;18DK;18DK;20DK;20EK;13DK;14DK;18DK;18EK;14DK;;14DK;18EK;21EK;13DK;16EK;19EK;21EK;139
138;11CK;13CK;15DK;16DK;18DK;17DK;20DK;20EK;13DK;14DK;18DK;18EK;14DK;;14DK;18DK;21EK;13DK;16EK;19EK;20EK;138
137;11CK;13CK;15DK;16DK;17DK;17DK;20DK;20DK;13DK;14DK;18DK;17EK;14DK;;14DK;18DK;20EK;13DK;16EK;19EK;20EK;137
136;11CK;13CK;14DK;16DK;17DK;17DK;20DK;19DK;13DK;14DK;17DK;17DK;14DK;;14DK;18DK;20DK;13DK;16DK;19EK;20EK;136
135;11CK;13CK;14CK;16DK;17DK;17DK;19DK;19DK;13CK;14DK;17DK;17DK;14DK;;14DK;18DK;20DK;13DK;15DK;19EK;20EK;135
134;11BK;13CK;14CK;16DK;17DK;17DK;19DK;19DK;12CK;14DK;17DK;17DK;13CK;;13DK;17DK;20DK;12DK;15DK;18EK;19EK;134
133;11BK;13BK;14CK;16DK;17DK;17DK;19DK;19DK;12CK;13DK;17DK;17DK;13CK;;13DK;17DK;19DK;12DK;15DK;18EK;19EK;133
132;11BK;12BK;14CK;15DK;17DK;16DK;19DK;19DK;12CK;13DK;17DK;16DK;13CK;;13DK;17DK;19DK;12DK;15DK;18EK;19EK;132
131;11BK;12BK;14CK;15DK;16CK;16DK;19DK;18DK;12CK;13DK;16DK;16DK;13CK;;13DK;17DK;19DK;12DK;15DK;18EK;19EK;131
130;11BK;12BK;14CK;15DK;16CK;16CK;18CK;18DK;12CK;13CK;16DK;16DK;13CK;;13DK;17DK;19DK;12DK;14DK;18EK;18DK;130
129;11AK;12BK;13CK;15DK;16CK;16CK;18CK;18DK;11CK;13CK;16DK;16DK;13CK;;13DK;16DK;18DK;11CK;14DK;17EK;18DK;129
128;10AK;12BK;13CK;15DK;16CK;16CK;18CK;18DK;11CK;12CK;16CK;15DK;13CK;;13DK;16DK;18DK;11CK;14DK;17DK;18DK;128
127;10AK;12BK;13CK;15CK;16CK;16CK;18CK;17DK;11CK;12CK;15CK;15DK;13CK;;12CK;16DK;18DK;11CK;14DK;17DK;18DK;127
126;10AK;12AK;13BK;14CK;16CK;15CK;18CK;17DK;11CK;12CK;15CK;15DK;12CK;;12CK;16DK;18DK;11CK;14DK;17DK;17DK;126
125;10AK;12AK;13BK;14CK;15CK;15CK;17CK;17DK;11CK;12CK;15CK;15DK;12CK;;12CK;16CK;17DK;11CK;13CK;17DK;17DK;125
124;10AK;11AK;13BK;14CK;15CK;15CK;17CK;17DK;11CK;12CK;15CK;14DK;12CK;;12CK;15CK;17DK;11CK;13CK;17DK;17DK;124
123;10AK;11AK;13BK;14CK;15CK;15CK;17CK;17DK;11CK;11CK;15CK;14DK;12CK;;12CK;15CK;17DK;10CK;13CK;16DK;17DK;123
122;10AK;11AK;12BK;14CK;15BK;15CK;17CK;16CK;10CK;11CK;14CK;14DK;12CK;;12CK;15CK;17DK;10CK;13CK;16DK;16DK;122
121;10AK;11AK;12BK;14CK;15BK;15CK;16CK;16CK;10BK;11CK;14CK;14DK;12CK;;12CK;15CK;16CK;10CK;13CK;16DK;16DK;121
120;10AK;11AK;12BK;13CK;15BK;14BK;16CK;16CK;10BK;11CK;14CK;13CK;12CK;;12CK;15CK;16CK;10CK;12CK;16DK;16DK;120
119;10;11AK;12BK;13CK;14BK;14BK;16CK;16CK;10BK;11CK;14CK;13CK;12BK;;11CK;14CK;16CK;10CK;12CK;16DK;16DK;119
118;10;11AK;12BK;13CK;14BK;14BK;16CK;16CK;10BK;11CK;13CK;13CK;11BK;;11CK;14CK;16CK;9CK;12CK;15DK;15DK;118
117;9;11AK;12AK;13CK;14BK;14BK;16CK;15CK;10BK;10CK;13CK;13CK;11BK;;11CK;14CK;15CK;9BK;12CK;15DK;15CK;117
116;9;11AK;12AK;13BK;14BK;14BK;15CK;15CK;10BK;10BK;13CK;13CK;11BK;;11CK;14CK;15CK;9BK;11CK;15DK;15CK;116
115;9;10AK;11AK;13BK;14AK;14BK;15BK;15CK;9BK;10BK;13CK;12CK;11BK;;11CK;14CK;15CK;9BK;11CK;15DK;15CK;115
114;9;10;11AK;12BK;14AK;13BK;15BK;15CK;9BK;10BK;13CK;12CK;11BK;;11CK;13CK;15CK;9BK;11BK;15DK;14CK;114
113;9;10;11AK;12BK;13AK;13BK;15BK;14CK;9BK;10BK;12CK;12CK;11BK;;11CK;13CK;14CK;8BK;11BK;14CK;14CK;113
112;9;10;11AK;12BK;13AK;13BK;15BK;14CK;9BK;9BK;12CK;12CK;11BK;;10CK;13CK;14CK;8BK;11BK;14CK;14CK;112
111;9;10;11AK;12BK;13AK;13AK;14BK;14CK;9BK;9BK;12BK;11CK;11BK;;10BK;13CK;14CK;8BK;10BK;14CK;14CK;111
110;9;10;11AK;12BK;13AK;13AK;14BK;14CK;9BK;9BK;12BK;11CK;10BK;;10BK;13BK;14CK;8BK;10BK;14CK;13CK;110
109;9;10;11AK;12BK;13AK;12AK;14BK;14CK;9BK;9BK;11BK;11CK;10BK;;10BK;12BK;13BK;8AK;10BK;14CK;13CK;109
108;9;10;10AK;11BK;13AK;12AK;14BK;13BK;8BK;9BK;11BK;11CK;10BK;;10BK;12BK;13BK;7AK;10BK;13CK;13CK;108
107;9;10;10AK;11AK;12AK;12AK;14BK;13BK;8AK;9BK;11BK;10CK;10BK;;10BK;12BK;13BK;7AK;10BK;13CK;13BK;107
106;8;9;10AK;11AK;12AK;12AK;13AK;13BK;8AK;8BK;11BK;10CK;10BK;;10BK;12BK;13BK;7AK;9BK;13CK;12BK;106
105;8;9;10AK;11AK;12AK;12AK;13AK;13BK;8AK;8BK;11BK;10CK;10BK;;10BK;12BK;12BK;7AK;9AK;13CK;12BK;105
104;8;9;10;11AK;12;12AK;13AK;12BK;8AK;8BK;10BK;10CK;10AK;;9BK;11BK;12BK;7AK;9AK;13CK;12BK;104
103;8;9;10;11AK;12;11AK;13AK;12BK;8AK;8BK;10BK;9CK;10AK;;9BK;11BK;12BK;7AK;9AK;12CK;12BK;103
102;8;9;10;10AK;12;11AK;13AK;12BK;8AK;8AK;10BK;9BK;9AK;;9BK;11BK;12BK;6AK;9AK;12CK;11BK;102
101;8;9;9;10AK;11;11AK;12AK;12BK;7AK;7AK;10BK;9BK;9AK;;9BK;11BK;11BK;6AK;8AK;12CK;11BK;101
100;8;9;9;10AK;11;11AK;12AK;12BK;7AK;7AK;9BK;9BK;9AK;;9BK;11BK;11BK;6AK;8AK;12BK;11BK;100
99;8;9;9;10AK;11;11;12AK;11BK;7AK;7AK;9BK;9BK;9AK;;9BK;10BK;11BK;6;8AK;12BK;11AK;99
98;8;8;9;10AK;11;11;12AK;11BK;7AK;7AK;9BK;8BK;9AK;;9BK;10BK;11BK;6;8AK;12BK;10AK;98
97;8;8;9;9AK;11;10;11AK;11AK;7AK;7AK;9AK;8BK;9AK;;9AK;10BK;10BK;5;8AK;11BK;10AK;97
96;8;8;9;9AK;11;10;11AK;11AK;7AK;6AK;9AK;8BK;9AK;;8AK;10BK;10BK;5;7AK;11BK;10AK;96
95;7;8;9;9AK;10;10;11AK;11AK;7AK;6AK;8AK;8BK;9AK;;8AK;10BK;10BK;5;7AK;11BK;10AK;95
94;7;8;8;9;10;10;11;10AK;6;6AK;8AK;7BK;8AK;;8AK;9AK;10BK;5;7;11BK;9AK;94
93;7;8;8;9;10;10;11;10AK;6;6AK;8AK;7BK;8AK;;8AK;9AK;9BK;5;7;11BK;9AK;93
92;7;8;8;9;10;10;10;10AK;6;6AK;8AK;7BK;8AK;;8AK;9AK;9AK;4;7;10BK;9AK;92
91;7;8;8;8;10;9;10;10AK;6;6AK;7AK;7BK;8AK;;8AK;9AK;9AK;4;6;10BK;9AK;91
90;7;8;8;8;10;9;10;9AK;6;5AK;7AK;6BK;8AK;;8AK;9AK;9AK;4;6;10BK;8AK;90
89;7;7;8;8;10;9;10;9AK;6;5;7AK;6BK;8;;7AK;8AK;8AK;4;6;10AK;8;89
88;7;7;8;8;9;9;10;9AK;6;5;7AK;6BK;8;;7AK;8AK;8AK;4;6;10AK;8;88
87;7;7;7;8;9;9;9;9AK;5;5;7AK;6BK;8;;7AK;8AK;8AK;3;0;9AK;0;87
86;7;7;7;8;9;9;9;9AK;5;5;6AK;5AK;7;;7AK;8AK;8AK;3;0;9AK;0;86
85;7;7;7;7;9;8;9;8AK;5;4;6AK;5AK;7;;7AK;8AK;7AK;3;0;9AK;0;85
84;6;7;7;7;9;8;9;8;5;4;6;5AK;7;;7;7AK;7AK;3;0;9AK;0;84
83;6;7;7;7;9;8;9;8;5;4;6;5AK;7;;7;7AK;7AK;3;0;9AK;0;83
82;6;7;7;7;8;8;8;8;5;4;5;5AK;7;;7;7AK;7AK;0;0;8AK;0;82
81;6;7;7;7;8;8;8;7;5;4;5;4AK;7;;6;7AK;6AK;0;0;8AK;0;81
80;6;6;6;7;8;8;8;7;4;4;5;4AK;7;;6;7AK;6AK;0;0;8AK;0;80
79;6;6;6;6;8;7;8;7;4;3;5;4AK;7;;6;6;6AK;0;0;8;0;79
78;6;6;6;6;8;7;8;7;4;3;5;4AK;6;;6;6;6AK;0;0;8;0;78
77;6;6;6;6;8;7;7;7;4;3;4;3AK;6;;6;6;5AK;0;0;0;0;77
76;6;6;6;6;7;7;7;6;4;3;4;3AK;6;;6;6;5AK;0;0;0;0;76
75;6;6;6;6;7;7;7;6;4;3;4;3AK;6;;6;6;5AK;0;0;0;0;75
74;6;6;6;6;7;6;7;6;4;2;4;3;6;;5;5;5;0;0;0;0;74
73;5;6;5;5;7;6;7;6;3;2;3;2;6;;5;5;4;0;0;0;0;73
72;5;5;5;5;7;6;6;6;3;2;3;2;6;;5;5;4;0;0;0;0;72
71;5;5;5;5;7;6;6;5;3;2;3;2;6;;5;5;4;0;0;0;0;71
70;5;5;5;5;6;6;6;5;3;2;3;2;5;;5;5;4;0;0;0;0;70
69;5;5;5;5;6;6;6;5;3;0;3;0;5;;5;4;0;0;0;0;0;69
65-68;5;5;4;4;6;5;5;4;2;0;2;0;5;;4;4;0;0;0;0;0;65-68
60-64;4;4;4;3;5;4;4;3;2;0;0;0;4;;4;0;0;0;0;0;0;60-64
55-59;4;4;3;3;4;3;3;2;0;0;0;0;4;;0;0;0;0;0;0;0;55-59
50-54;4;3;3;2;3;2;2;1;0;0;0;0;0;;0;0;0;0;0;0;0;50-54
45-49;3;2;2;1;2;2;1;0;0;0;0;0;0;;0;0;0;0;0;0;0;45-49
41-44;3;2;1;0;2;1;0;0;0;0;0;0;0;;0;0;0;0;0;0;0;41-44
38-40;2;2;0;0;1;0;0;0;0;0;0;0;0;;0;0;0;0;0;0;0;38-40
35-37;2;1;0;0;1;0;0;0;0;0;0;0;0;;0;0;0;0;0;0;0;35-37
30-34;2;1;0;0;0;0;0;0;0;0;0;0;0;;0;0;0;0;0;0;0;30-34
20-29;1;0;0;0;0;0;0;0;0;0;0;0;0;;0;0;0;0;0;0;0;20-29
03-19;0;0;0;0;0;0;0;0;0;0;0;0;0;;0;0;0;0;0;0;0;03-19
