﻿"Length:    ca.3 feet                       Range Modifiers:               —
Weight:    0.5 pounds
Fumble Range:    01 – 08 UM";;;;;;;;;;;;;;"ALT--18
MorningStar
One-HandedConcussion";;;;;;;;
;20;19;18;17;16;15;14;13;12;11;10;9;8;;7;6;5;4;3;2;1;
150;15EK;17EK;19EK;21EK;22EK;22EK;25EK;25EK;21EK;23EK;27EK;27EK;25EK;;25EK;30EK;33EK;27K;30EK;33EK;35EK;150
149;15EK;17EK;19EK;21EK;22EK;22EK;25EK;25EK;21EK;23EK;27EK;27EK;25EK;;25EK;30EK;33EK;27EK;30EK;33EK;35EK;149
148;15EK;17EK;19EK;21EK;22EK;22EK;25EK;25EK;21EK;23EK;27EK;27EK;25EK;;25EK;30EK;33EK;27EK;30EK;33EK;35EK;148
147;15EK;17EK;19EK;21EK;22EK;22EK;25EK;25EK;21EK;23EK;27EK;27EK;25EK;;25EK;30EK;33EK;27EK;30EK;33EK;34EK;147
146;15EK;17EK;19EK;21EK;22EK;22EK;25EK;25EK;21EK;23EK;26EK;26EK;25EK;;25EK;29EK;32EK;26EK;29EK;32EK;34EK;146
145;15DK;17DK;19EK;21EK;22EK;22EK;24EK;24EK;21EK;22EK;26EK;26EK;24EK;;24EK;29EK;32EK;26EK;29EK;32EK;34EK;145
144;15DK;17DK;18EK;20EK;21EK;21EK;24EK;24EK;20EK;22EK;26EK;26EK;24EK;;24EK;29EK;32EK;26EK;29EK;32EK;33EK;144
143;15DK;17DK;18DK;20EK;21EK;21EK;24EK;24EK;20EK;22EK;26EK;25EK;24EK;;24EK;29EK;31EK;25EK;28EK;31EK;33EK;143
142;15DP;16DK;18DK;20EK;21DK;21DK;24EK;24EK;20EK;22EK;25EK;25EK;24EK;;24EK;28EK;31EK;25EK;28EK;31EK;33EK;142
141;14DK;16DP;18DK;20EK;21DK;21DK;23DK;23EK;20EK;21EK;25EK;25EK;24EK;;24EK;28EK;31EK;25EK;28EK;31EK;32EK;141
140;14CP;16CK;18DK;20EK;21DK;21DK;23DK;23EK;20EK;21EK;25EK;25EK;23EK;;23EK;28EK;30EK;24EK;27EK;30EK;32EK;140
139;14CK;16CP;18DP;19DK;20DP;20DK;23DK;23EK;19DK;21EK;25EK;24EK;23EK;;23EK;27EK;30EK;24EK;27EK;30EK;31EK;139
138;14CP;16CK;17DK;19DK;20DK;20DP;23DK;23EK;19DK;21EK;24EK;24EK;23EK;;23EK;27EK;30EK;24EP;27EK;30EK;31EK;138
137;14CK;16CP;17DP;19DP;20DP;20DK;22DP;22DK;19DP;20EK;24DK;24EK;23DK;;23EK;27EK;29EK;23EK;26EP;30EK;31EK;137
136;14CP;16CK;17DK;19DK;20DK;20DP;22DK;22DK;19DK;20DP;24DK;23EK;23DP;;22EK;27EK;29EK;23EP;26EK;29EK;30EP;136
135;14CK;15CP;17CP;19DP;20DP;20DK;22DP;22DP;19DP;20DK;23DK;23EK;22DK;;22DP;26EK;29EK;23EK;26EP;29EK;30EK;135
134;14CP;15CK;17CK;18DK;19DK;19DP;22DK;22DK;18DK;20DP;23DK;23EK;22DP;;22DK;26EP;28EK;23EP;25EK;29EP;30EP;134
133;14CK;15CP;17CP;18DP;19DP;19DK;21DP;21DP;18DP;19DK;23DP;23EP;22DK;;22DP;26EK;28EP;22EK;25EP;28EK;29EK;133
132;13BP;15BK;16CK;18DK;19DK;19DP;21DK;21DK;18DK;19DP;23DK;22DK;22DP;;22DK;25DP;28EK;22EP;25EK;28EP;29EP;132
131;13BK;15BP;16CP;18DP;19CP;19DK;21DP;21DP;18DP;19DK;22DP;22DP;22DK;;21DP;25DK;27EP;22DK;24EP;28EK;28EK;131
130;13BP;15BK;16CK;18DK;19CK;19CP;21DK;21DK;18DK;19DP;22DK;22DK;21DP;;21DK;25DP;27EK;21DP;24EK;27EP;28EP;130
129;13BK;15BP;16CP;17DP;19CP;18CK;21CP;20DP;17DP;18DK;22DP;21DP;21DK;;21DP;25DK;27DP;21DK;24DP;27EK;28EK;129
128;13BP;14BK;16CK;17DK;18CK;18CP;20CK;20DK;17CK;18DP;22DK;21DK;21DP;;21DK;24DP;26DK;21DP;23DK;27EP;27EP;128
127;13BK;14BP;16CP;17CP;18CP;18CK;20CP;20DP;17CP;18DK;21DP;21DP;21DK;;20DP;24DK;26DP;20DK;23DP;27EK;27EK;127
126;13BP;14BK;15CK;17CK;18CK;18CP;20CK;20DK;17CK;18DP;21DK;21DK;21DP;;20DK;24DP;26DK;20DP;23DK;26EP;27EP;126
125;13AK;14BP;15BP;17CP;18CP;18CK;20CP;19DP;17CP;17DK;21DP;20DP;20CK;;20DP;23DK;25DP;20DK;22DP;26EK;26EK;125
124;13AP;14AK;15BK;16CK;18CK;17CP;19CK;19DK;16CK;17DP;20DK;20DK;20CP;;20DK;23DP;25DK;19DP;22DK;26EP;26EP;124
123;12AK;14AP;15BP;16CP;17CP;17CK;19CP;19DP;16CP;17DK;20DP;20DP;20CK;;20DP;23DK;25DP;19DK;22DP;25EK;26EK;123
122;12AP;14AK;15BK;16CK;17CK;17CP;19DK;19DK;16CK;17CP;20DK;19DK;20CP;;19DK;23DP;24DK;19DP;21DK;25EP;25EP;122
121;12AK;13AP;15BP;16CP;17CP;17CK;19CP;18CP;16CP;16CK;20CP;19DP;19CK;;19DP;22DK;24DP;19DK;21DP;25EK;25EK;121
120;12AP;13AK;14BK;16CK;17BK;17CP;18CK;18CK;16CK;16CP;19CK;19DK;19CP;;19DK;22DP;24DK;18DP;21DK;24EP;24DP;120
119;12AK;13AP;14BP;15CP;17BP;16CK;18CP;18CP;15CP;15CK;19CP;19DP;19CK;;19DP;22DK;23DP;18DK;20DP;24DK;24DK;119
118;12AP;13AK;14BK;15CK;16BK;16BP;18CK;18CK;15CK;16CP;19CK;18DK;19CP;;19DK;21DP;23DK;18DP;20DK;24DP;24DP;118
117;12AK;13AP;14BP;15CP;16BP;16BK;18CP;17CP;15CP;16CK;19CP;18DP;19CK;;18CP;21DK;23DP;17DK;20DP;24DK;23DK;117
116;12AP;13AK;14BK;15CK;16BK;16BP;17CK;17CK;15CK;15CP;18CK;18DK;18CP;;18CK;21DP;22DK;17CP;19DK;23DP;23DP;116
115;11AK;13AP;14AP;15BP;16BP;16BK;17CP;17CP;15CP;15CK;18CP;17DP;18CK;;18CP;21DK;22DP;17CK;19DP;23DK;23DK;115
114;11;12AK;13AK;14BK;16BK;15BP;17CK;17CK;14CK;15CP;18CK;17DK;18CP;;18CK;20CP;22DK;16CP;19DK;23DP;22DP;114
113;11;12AP;13AP;14BP;15BP;15BK;17CP;16CP;14CP;15CK;17CP;17CP;18CK;;17CP;20CK;22DP;16CK;18DP;22DK;22DK;113
112;11;12AK;13AK;14BK;15AK;15BP;17BK;16CK;14BK;14CP;17CK;17CK;18CP;;17CK;20CP;21DK;16CP;18CK;22DP;21DP;112
111;11;12AP;13AP;14BP;15AP;15BK;16BP;16CP;14BP;14CK;17CP;16CP;17CK;;17CP;20CK;21DP;16CK;18CP;22DK;21DK;111
110;11;12AK;13AK;14BK;15AK;15BP;16BK;16CK;14BK;14CP;17CK;16CK;17CP;;17CK;19CP;20DK;15CP;17CK;21DP;21DP;110
109;11;12;12AP;13BP;15AP;14BK;16BP;15CP;13BP;14CK;16CP;16CP;17BK;;17CP;19CK;20DP;15CK;17CP;21DK;20DK;109
108;11;12;12AK;13BK;15AK;14AP;16BK;15CK;13BK;13CP;16CK;15CK;17BP;;16CK;19CP;20CK;15CP;17CK;21DP;20DP;108
107;11;11;12AP;13BP;14AP;14AK;15BP;15CP;13BP;13CK;16CP;15CP;17BK;;16CP;18CK;19CP;14CK;16CP;20DK;20DK;107
106;10;11;12AK;13BK;14AK;14AP;15BK;15CK;13BK;13BP;16CK;15CK;16BP;;16CK;18CP;19CK;14CP;16CK;20DP;19DP;106
105;10;11;12AP;13BP;14AP;14AK;15BP;14BP;13BP;13BK;15CP;15CP;16BK;;16CP;18CK;19CP;14CK;16CP;20DK;19DK;105
104;10;11;12AK;12AK;14AK;13AP;15BK;14BK;12BK;12BP;15CK;14CK;16BP;;15CK;18CP;18CK;13BP;15CK;20DP;19DP;104
103;10;11;11AP;12AP;14AP;13AK;14BP;14BP;12BP;12BK;15CP;14CP;16BK;;15CP;17CK;18CP;13BK;15CP;19DK;18DK;103
102;10;11;11AK;12AK;13AK;13AP;14BK;14BK;12BK;12BP;14BK;14CK;16BP;;15CK;17CP;18CK;13BP;15BK;19DP;18DP;102
101;10;11;11AP;12AP;13AP;13AK;14AP;13BP;12BP;12BK;14BP;13CP;15BK;;15CP;17CK;17CP;12BK;14BP;19DK;17DK;101
100;10;10;11AK;12AK;13AK;13AP;14AK;13BK;12BK;11BP;14BK;13CK;15BP;;15CK;16CP;17CK;12BP;14BK;18DP;17CP;100
99;10;10;11;11AP;13;12AK;13AP;13BP;11AP;11BK;14BP;13CP;15BK;;14BP;16CK;17CP;12AK;14BP;18CK;17CK;99
98;10;10;11;11AK;13;12AP;13AK;13BK;11AK;11BP;13BK;13CK;15BP;;14BK;16BP;16CK;11AP;13BK;18CP;16CP;98
97;9;10;10;11AP;12;12AK;13AP;12BP;11AP;11BK;13BP;12CP;14BK;;14BP;16BK;16CP;11AK;13BP;17CK;16CK;97
96;9;10;10;11AK;12;12AP;13AK;12BK;11AK;10BP;13BK;12CK;14AP;;14BK;15BP;16CK;11AP;13BK;17CP;16CP;96
95;9;10;10;11AP;12;12AK;13AP;12BP;11AP;10BK;13BP;12CP;14AK;;14BP;15BK;15BP;11AK;12AP;17CK;15CK;95
94;9;10;10;10AK;12;11;12AK;12BK;10AK;10BP;12BK;11CK;14AP;;13BK;15BP;15BK;10;12AK;17CP;15CP;94
93;9;9;10;10AP;12;11;12AP;11BP;10AP;10AK;12BP;11BP;14AK;;13BP;14BK;15BP;10;12AP;16CK;14CK;93
92;9;9;10;10AK;11;11;12AK;11AK;10AK;9AP;12BK;11BK;13AP;;13BK;14BP;14BK;10;11AK;16CP;14BP;92
91;9;9;9;10AP;11;11;12AP;11AP;10AP;9AK;12BP;11BP;13AK;;13BP;14BK;14BP;9;11AP;16CK;14BK;91
90;9;9;9;10AK;11;11;11AK;11AK;10AK;9AP;11AK;10BK;13AP;;12BK;14BP;14BK;9;11AK;15CP;13BP;90
89;9;9;9;9;11;10;11;10AP;9;9AK;11AP;10BP;13AK;;12BP;13BK;13BP;9;10;15CK;13BK;89
88;8;9;9;9;11;10;11;10AK;9;9AP;11AK;10BK;13AP;;12BK;13BP;13BK;8;10;15CP;13BP;88
87;8;9;9;9;11;10;11;10AP;9;8AK;10AP;9BP;12AK;;12AP;13BK;13BP;8;10;14BK;12AK;87
86;8;9;9;9;10;10;10;10AK;9;8AP;10AK;9BK;12AP;;12AK;12BP;13BK;8;9;14BP;12AP;86
85;8;8;8;9;10;10;10;9AP;9;8AK;10AP;9BP;12AK;;11AP;12BK;12BP;7;9;14BK;12AK;85
84;8;8;8;8;10;9;10;9AK;8;8;10AK;9BK;12;;11AK;12AP;12BK;7;9;14BP;11;84
83;8;8;8;8;10;9;10;9AP;8;7;9AP;8BP;12;;11AP;12AK;11BP;7;8;13BK;11;83
82;8;8;8;8;10;9;9;9AK;8;7;9AK;8BK;11;;11AK;11AP;11BK;7;8;13BP;10;82
81;8;8;8;8;9;9;9;8AP;8;7;9AP;8BP;11;;10AP;11AK;11AP;6;8;13BK;10;81
80;7;8;8;8;9;9;9;8AK;8;7;9AK;7BK;11;;10AK;11AP;10AK;6;7;12BP;10;80
79;7;8;7;7;9;8;9;8;7;6;8;7AP;11;;10;11AK;10AP;6;7;12AK;9;79
78;7;7;7;7;9;8;9;8;7;6;8;7AK;11;;10;10AP;10AK;5;7;12AP;9;78
77;7;7;7;7;9;8;8;7;7;6;8;7AP;10;;10;10AK;9AP;5;6;11AK;9;77
76;7;7;7;7;8;8;8;7;7;6;7;6AK;10;;9;10AP;9AK;5;6;11AP;8;76
75;7;7;7;7;8;8;8;7;7;5;7;6AP;10;;9;9AK;9AP;4;6;11AK;8;75
74;7;7;6;6;8;7;8;7;6;5;7;6AK;10;;9;9;8AK;4;0;11;0;74
73;7;7;6;6;8;7;7;6;6;5;7;5AP;10;;9;9;8AP;4;0;10;0;73
72;7;7;6;6;8;7;7;6;6;5;6;5AK;9;;9;9;8AK;3;0;10;0;72
71;6;6;6;6;8;7;7;6;6;4;6;5AP;9;;8;8;7AP;3;0;10;0;71
70;6;6;6;6;7;7;7;6;6;4;6;5AK;9;;8;8;7AK;3;0;9;0;70
69;6;6;6;5;7;6;6;5;5;4;6;4;9;;8;8;7;0;0;9;0;69
68;6;6;5;5;7;6;6;5;5;4;5;4;8;;8;7;6;0;0;9;0;68
67;6;6;5;5;7;6;6;5;5;3;5;4;8;;7;7;6;0;0;8;0;67
64-66;6;5;5;5;6;5;5;4;4;3;4;3;8;;7;6;5;0;0;7;0;64-66
61-63;5;5;4;4;6;5;5;3;4;2;4;2;7;;6;5;4;0;0;0;0;61-63
58-60;5;5;4;3;5;4;4;3;3;0;3;0;6;;5;5;0;0;0;0;0;58-60
55-57;5;4;3;3;5;4;3;2;3;0;2;0;6;;5;4;0;0;0;0;0;55-57
49-54;4;3;2;2;4;3;2;1;2;0;0;0;5;;4;0;0;0;0;0;0;49-54
45-48;4;3;2;1;3;2;1;0;0;0;0;0;4;;0;0;0;0;0;0;0;45-48
28-44;3;2;1;0;2;1;0;0;0;0;0;0;0;;0;0;0;0;0;0;0;28-44
20-27;1;0;0;0;0;0;0;0;0;0;0;0;0;;0;0;0;0;0;0;0;20-27
09-19;0;0;0;0;0;0;0;0;0;0;0;0;0;;0;0;0;0;0;0;0;09-19
