﻿"Length:    ca.3 feet                       Range Modifiers:               —
Weight:    2 pounds
Fumble Range:    01 – 04 UM";;;;;;;;;;;;;;"ALT -22
Scimitar
One-HandedEdged";;;;;;;
;20;19;18;17;16;15;14;13;12;11;10;9;8;7;6;5;4;3;2;1;
150;7EK;7EK;8EK;13EK;11EK;11EK;14EK;14EK;16ES;18ES;22ES;22ES;20ES;20ES;25ES;28ES;22ES;25ES;28ES;30ES;150
149;7DK;7DK;8EK;13EK;11ES;11ES;14ES;14ES;16ES;18ES;22ES;22ES;20ES;20ES;25ES;28ES;22ES;25ES;28ES;30ES;149
148;7DK;7DK;8EK;13EK;11EK;11EK;14EK;14EK;16ES;18ES;22ES;22ES;20ES;20ES;25ES;28ES;22ES;25ES;28ES;30ES;148
147;7CK;7CK;8DK;13EK;11ES;11ES;14ES;14ES;16ES;18ES;22ES;22ES;20ES;20ES;25ES;28ES;22ES;25ES;28ES;29ES;147
146;7CK;7CK;8DK;13EK;11DK;11DK;14DK;14EK;16ES;18ES;21ES;21ES;20ES;20ES;24ES;27ES;21ES;24ES;27ES;29ES;146
145;7CK;7CK;8DK;13EK;11DS;11DS;14DS;14ES;16ES;17ES;21ES;21ES;20ES;20ES;24ES;27ES;21ES;24ES;27ES;29ES;145
144;7CK;7CK;8DK;13EK;11DK;11DK;14DK;14EK;15ES;17ES;21ES;21ES;19ES;19ES;24ES;27ES;21ES;24ES;27ES;28ES;144
143;7CK;7CK;8DK;13DK;11DS;11DS;13DS;13ES;15DS;17ES;21ES;20ES;19ES;19ES;24ES;26ES;20ES;23ES;26ES;28ES;143
142;7BS;7CK;8CK;12DK;11DK;11DK;13DK;13DK;15DS;17ES;20ES;20ES;19ES;19ES;23ES;26ES;20ES;23ES;26ES;27ES;142
141;7BK;7BK;8CK;12DK;11DS;10DS;13DS;13DS;15DS;16DS;20DS;20ES;19ES;19ES;23ES;26ES;20ES;23ES;26ES;27ES;141
140;7BS;7BK;8CK;12DK;10DK;10DK;13DK;13DK;15DS;16DS;20DS;20ES;19DS;19ES;23ES;25ES;19ES;22ES;26ES;27ES;140
139;7BK;7BS;8CK;12DK;10CS;10DS;13DS;13DS;14DS;16DS;19DS;19ES;18DS;18ES;23ES;25ES;19ES;22ES;25ES;26ES;139
138;7BS;7BK;8CK;12DK;10CK;10CK;13CK;13DK;14DS;16DS;19DS;19ES;18DS;18ES;22ES;25ES;19ES;22ES;25ES;26ES;138
137;7BK;7BS;7CS;12DK;10CS;10CS;12CS;12DS;14DS;15DS;19DS;19DS;18DS;18DS;22ES;24ES;19ES;21ES;25ES;26ES;137
136;7BS;7BK;7CK;12DK;10CK;10CK;12CK;12DK;14DS;15DS;19DS;18DS;18DS;18DS;22ES;24ES;18ES;21ES;24ES;25ES;136
135;7AK;7BS;7CS;11DK;10CS;10CS;12CS;12DS;14CS;15DS;18DS;18DS;18DS;18ES;21ES;24ES;18ES;21ES;24ES;25ES;135
134;7AS;6BK;7BK;11DK;10CK;10CK;12CK;12DK;14CK;15DS;18DS;18DS;18DS;17DS;21DS;23ES;18DS;20ES;24ES;24ES;134
133;7AK;6AS;7BS;11CS;10CS;10CS;12CS;12DS;13CS;14DK;18DS;17DS;17DS;17DS;21DS;23ES;17DS;20ES;23ES;24ES;133
132;6AS;6AK;7BK;11CK;10BK;9CK;12CK;12DK;13CK;14DS;18DK;17DS;17DS;17DS;21DS;23DS;17DS;20ES;23ES;24ES;132
131;6AK;6AS;7BS;11CS;9BS;9CS;12CS;11CS;13CS;14DK;17DS;17DS;17DS;17DS;20DS;22DS;17DS;19DS;23ES;23ES;131
130;6AS;6AK;7BK;11CK;9BK;9BK;11CK;11CK;13CK;14CS;17DK;17DS;17CS;17DS;20DS;22DS;16DS;19DS;23ES;23ES;130
129;6AK;6AS;7BS;11CS;9BS;9BS;11CS;11CS;13CS;13CK;17DS;16DS;17CS;16DS;20DS;22DS;16DS;19DS;22ES;23ES;129
128;6AS;6AK;7BK;11CK;9BK;9BK;11CK;11CK;12CK;13CS;16CK;16DK;16CS;16DS;20DS;21DS;16DS;18DS;22ES;22ES;128
127;6AK;6AS;7BS;10CS;9BS;9BS;11CS;11CS;12CS;13CK;16CS;16DS;16CS;16DS;19DS;21DS;16DS;18DS;22ES;22ES;127
126;6AS;6AK;7BK;10CK;9BK;9BK;11BK;11CK;12CK;13CS;16CK;15DK;16CK;16DS;19DS;21DS;15DS;18DS;21ES;21ES;126
125;6AK;6AS;7AS;10CS;9BS;9BS;11BS;10CS;12CS;13CK;16CS;15DS;16CS;16DS;19DS;20DS;15DS;17DS;21ES;21ES;125
124;6;6AK;6AK;10BK;9AK;9BK;10BK;10CK;12CK;12CS;15CK;15DK;16CK;15DS;18DS;20DS;15DS;17DS;21ES;21ES;124
123;6;6AS;6AS;10BS;9AS;8BS;10BS;10CS;11CS;12CK;15CS;15DS;15CS;15DK;18DS;20DS;14DS;17DS;21ES;20DS;123
122;6;6AK;6AK;10BK;8AK;8BK;10BK;10CK;11BK;12CS;15CK;14DK;15CK;15DS;18DK;19DS;14DS;16DS;20DS;20DS;122
121;6;6AS;6AS;10BS;8AS;8BS;10BS;10CS;11BS;12CK;14CS;14CS;15CS;15CK;18DS;19DS;14DS;16DS;20DS;20DS;121
120;6;6AK;6AK;9BK;8AK;8AK;10BK;10BK;11BK;11CS;14CK;14CK;15CK;15CS;17DK;19DS;13CK;16DS;20DS;19DS;120
119;6;6;6AS;9BS;8AS;8AS;10BS;9BS;11BS;11CK;14CK;13CS;15CS;14CK;17CS;18DK;13CK;15DS;19DS;19DS;119
118;6;5;6AK;9BK;8AK;8AK;10BK;9BK;11BK;11CS;14CK;13CK;15CK;14CS;17CK;18DS;13CK;15DS;19DS;18DS;118
117;6;5;6AS;9BS;8AS;8AS;9AS;9BS;10BS;11BK;13CS;13CS;14CS;14CK;17CS;18DK;12CS;15DK;19DS;18DS;117
116;6;5;6AK;9BK;8AK;8AK;9AK;9BK;10BK;10BS;13CK;12CK;14CK;14CS;16CK;17DS;12CK;14CS;18DS;18DS;116
115;5;5;6AS;9BS;8AS;7AS;9AS;9BS;10BS;10BK;13CS;12CS;14BS;14CK;16CS;17DK;12CS;14CK;18DS;17DS;115
114;5;5;6AK;9AK;8;7AK;9AK;9BK;10BK;10BS;13CK;12CK;14BK;13CS;16CK;17DS;12CK;13CS;18DS;17DK;114
113;5;5;6AS;8AS;7;7AS;9AS;8BS;10BS;10BK;12CS;12CS;14BS;13CK;15CS;16CK;11CS;13CK;18DS;17DS;113
112;5;5;5AK;8AK;7;7AK;9AK;8BK;9BK;9BS;12BK;11CK;13BK;13CS;15CK;16CS;11CK;13CS;17DS;16DK;112
111;5;5;5AS;8AS;7;7AS;8AS;8BS;9BS;9BK;12BS;11CS;13BS;13CK;15CS;16CK;11CS;13CK;17DS;16DS;111
110;5;5;5AK;8AK;7;7AK;8AK;8BK;9BK;9BS;11BK;11CK;13BK;13CS;15CK;15CS;10CK;12CS;17DS;15DK;110
109;5;5;5;8AS;7;7;8AS;8AS;9AS;9BK;11BS;10CS;13BS;12CK;14CS;15CK;10BS;12CK;16DS;15DS;109
108;5;5;5;8AK;7;7;8AK;8AK;9AK;8BS;11BK;10CK;13BK;12CS;14CK;15CS;10BK;12CS;16DK;15DK;108
107;5;5;5;8AS;7;7;8AS;7AS;9AS;8BK;11BS;10CS;12BS;12CK;14CS;14CK;9BS;11BK;16DS;14DS;107
106;5;5;5;8AK;7;6;8AK;7AK;8AK;8BS;10BK;9CK;12BK;12CS;14CK;14CS;9BK;11BS;15DK;14DK;106
105;5;5;5;7AS;7;6;8AS;7AS;8AS;8BK;10BS;9CS;12BS;12BK;13BS;14CK;9BS;11BK;15DS;14DS;105
104;5;5;5;7AK;6;6;7;7AK;8AK;7AS;10BK;9BK;12BK;11BS;13BK;13CS;9AK;10BS;15DK;13CK;104
103;5;5;5;7AS;6;6;7;7AS;8AS;7AK;10BS;9BS;12BS;11BK;13BS;13CK;8AS;10BK;15CS;13CS;103
102;5;4;5;7AK;6;6;7;7AK;8AK;7AS;9BK;8BK;12BK;11BS;12BK;13BS;8AK;10BS;14CK;12CK;102
101;5;4;5;7AS;6;6;7;7AS;7AS;7AK;9BS;8BS;11AS;11BK;12BS;12BK;8AS;9BK;14CS;12CS;101
100;5;4;5;7AK;6;6;7;6AK;7AK;7AS;9BK;8BK;11AK;11BS;12BK;12BS;7AK;9AS;14CK;12CK;100
99;5;4;4;7;6;6;7;6AS;7;6AK;8AS;7BS;11AS;10BK;12BS;12BK;7;9AK;13CS;11CS;99
98;4;4;4;6;6;6;6;6AK;7;6AS;8AK;7BK;11AK;10BS;11BK;11BS;7;8AS;13CK;11BK;98
97;4;4;4;6;6;5;6;6AS;7;6AK;8AS;7BS;11AS;10BK;11BS;11BK;6;8AK;13CS;11BS;97
96;4;4;4;6;6;5;6;6AK;6;6AS;8AK;7BK;10AK;10BS;11BK;11BS;6;8AS;13CK;10BK;96
95;4;4;4;6;6;5;6;6AS;6;5AK;7AS;6BS;10AS;10BK;11BS;10BK;6;7AK;12CS;10BS;95
94;4;4;4;6;5;5;6;5;6;5;7AK;6BK;10AK;9BS;10BK;10BS;6;7;12CK;9BK;94
93;4;4;4;6;5;5;6;5;6;5;7AS;6BS;10AS;9BK;10BS;10BK;5;7;12CS;9AS;93
92;4;4;4;6;5;5;6;5;6;5;6AK;5BK;10AK;9AK;10BK;9BK;5;6;11BK;9AK;92
91;4;4;4;6;5;5;5;5;6;4;6AS;5BS;9AS;9AK;9BS;9BK;5;6;11BS;8AS;91
90;4;4;4;5;5;5;5;5;5;4;6AK;5BK;9AK;9AS;9AK;9BS;4;6;11BK;8AK;90
89;4;4;4;5;5;5;5;5;5;4;6;4AS;9;8AK;9AS;8BK;4;0;10BS;0;89
88;4;4;4;5;5;4;5;4;5;4;5;4AK;9;8AS;9AK;8BS;4;0;10BK;0;88
87;4;4;4;5;5;4;5;4;5;3;5;4AS;9;8AK;8AS;8AK;3;0;10BS;0;87
86;4;3;3;5;5;4;5;4;5;3;5;4AK;9;8AS;8AK;7AS;3;0;10BK;0;86
85;4;3;3;5;4;4;4;4;4;3;5;3AS;8;8AK;8AS;7AK;3;0;9BS;0;85
84;4;3;3;5;4;4;4;4;4;3;4;3AK;8;7;8AK;7AS;0;0;9AK;0;84
83;4;3;3;4;4;4;4;4;4;2;4;3AS;8;7;7AS;6AK;0;0;9AS;0;83
82;4;3;3;4;4;4;4;3;4;2;4;2AK;8;7;7AK;6AS;0;0;8AK;0;82
81;4;3;3;4;4;4;4;3;4;2;3;2AS;8;7;7AS;6AK;0;0;8AS;0;81
80;3;3;3;4;4;3;4;3;4;2;3;2AK;7;7;6AK;5AS;0;0;8AK;0;80
79;3;3;3;4;4;3;4;3;3;0;3;0;7;6;6;5AK;0;0;0;0;79
78;3;3;3;4;4;3;3;3;3;0;3;0;7;6;6;5AS;0;0;0;0;78
77;3;3;3;4;4;3;3;3;3;0;2;0;7;6;6;4AK;0;0;0;0;77
76;3;3;3;3;3;3;3;2;3;0;2;0;7;6;5;4AS;0;0;0;0;76
75;3;3;3;3;3;3;3;2;3;0;2;0;6;6;5;4AK;0;0;0;0;75
74;3;3;2;3;3;3;3;2;2;0;0;0;6;5;5;0;0;0;0;0;74
73;3;3;2;3;3;3;3;2;2;0;0;0;6;5;5;0;0;0;0;0;73
72;3;3;2;3;3;3;2;2;2;0;0;0;6;5;4;0;0;0;0;0;72
71;3;3;2;3;3;2;2;2;2;0;0;0;6;5;4;0;0;0;0;0;71
70;3;2;2;3;3;2;2;1;2;0;0;0;6;5;4;0;0;0;0;0;70
69;3;2;2;3;3;2;2;1;0;0;0;0;5;4;0;0;0;0;0;0;69
65-68;3;2;2;2;3;2;2;1;0;0;0;0;5;4;0;0;0;0;0;0;65-68
67;3;2;2;2;2;2;2;1;0;0;0;0;5;4;0;0;0;0;0;0;67
66;3;2;2;2;2;2;2;1;0;0;0;0;5;4;0;0;0;0;0;0;66
65;3;2;2;2;2;2;1;1;0;0;0;0;5;4;0;0;0;0;0;0;65
60-64;2;2;2;1;2;1;1;0;0;0;0;0;4;0;0;0;0;0;0;0;60-64
55-59;2;2;1;1;1;1;0;0;0;0;0;0;0;0;0;0;0;0;0;0;55-59
50-54;2;1;1;0;1;0;0;0;0;0;0;0;0;0;0;0;0;0;0;0;50-54
47-49;2;1;0;0;0;0;0;0;0;0;0;0;0;0;0;0;0;0;0;0;47-49
40-46;1;1;0;0;0;0;0;0;0;0;0;0;0;0;0;0;0;0;0;0;40-46
30-39;1;0;0;0;0;0;0;0;0;0;0;0;0;0;0;0;0;0;0;0;30-39
05-29;0;0;0;0;0;0;0;0;0;0;0;0;0;0;0;0;0;0;0;0;05-29
